,count,mean,std,min,25%,50%,75%,max,%missing,unique
case_positive_specimen_interval,24362.0,0.2087677530580412,2.7555632195225632,-109.0,0.0,0.0,0.0,142.0,46.2670107413044,79
case_onset_interval,20337.0,-0.024634901902935536,1.8535145597374254,-73.0,0.0,0.0,0.0,65.0,55.14457751604579,62
