,count,mean,std,min,25%,50%,75%,max,%missing,unique
case_positive_specimen_interval,44575.0,0.19501016061227228,0.3520538718572241,0.0,0.0,0.26452433628318583,0.26452433628318583,10.0,0.0,13
case_onset_interval,44575.0,0.004520022434099832,0.14828395052538496,0.0,0.0,0.0,0.0,9.0,0.0,11
year,44575.0,2021.0560179472798,0.8446039541734125,2020.0,2020.0,2021.0,2022.0,2023.0,0.0,4
month,44575.0,6.6654627033090295,4.045849811927546,1.0,3.0,7.0,11.0,12.0,0.0,12
